DisplayName;Username;Department;BusinessRole;Roles;AccountType;LastLogin;Email;Manager
Salvatore Apicella;salvatore.apicella;Strategy & Transformation;Strategy Consultant;BIP_CLIENT_STEERCO,BIP_STRATEGY_CORE,BIP_STRATEGY_LEAD,INF_IAM_ADMIN,INF_MAIL_READ,INF_SECRETS_READ,INF_VPN_READ,SYS_CLIENT_PORTAL_WRITE,SYS_CONFLUENCE_READ,SYS_JIRA_READ,SYS_POWERBI_READ,SYS_SHAREPOINT_READ,SYS_TIMESHEET_WRITE;Administrative;2025-09-08T19:47:25Z;salvatore.apicella@bip.internal;Salvatore Apicella
Stefano Maffei;stefano.maffei;ERP & SAP;SAP Consultant;BIP_SAP_CORE,INF_MAIL_READ,INF_VPN_READ,SYS_CONFLUENCE_READ,SYS_CONFLUENCE_WRITE,SYS_JIRA_READ,SYS_SAP_S4_READ,SYS_SIGNAVIO_READ,SYS_TIMESHEET_WRITE;Internal;2025-12-10T15:34:25Z;stefano.maffei@bip.internal;Stefano Maffei
Gianluca Leone;gianluca.leone;Data & AI;Data Consultant;BIP_DATA_CORE,INF_MAIL_READ,INF_VPN_READ,SYS_CONFLUENCE_READ,SYS_DATABRICKS_READ,SYS_JIRA_READ,SYS_POWERBI_WRITE,SYS_SNOWFLAKE_READ,SYS_TIMESHEET_WRITE;Internal;2026-01-13T23:42:25Z;gianluca.leone@bip.internal;Gianluca Leone
Micol Marani;micol.marani;Cybersecurity;Cybersecurity Consultant;BIP_CYBER_CORE,INF_MAIL_READ,INF_VPN_READ,SYS_CONFLUENCE_READ,SYS_IAM_AUDIT,SYS_JIRA_READ,SYS_SIEM_READ,SYS_TIMESHEET_WRITE,SYS_VULN_MGMT_READ;Internal;2025-08-28T22:51:25Z;micol.marani@bip.internal;Micol Marani
Santo Corrado;santo.corrado;Cloud & DevOps;Cloud Consultant;BIP_CLOUD_CORE,INF_MAIL_READ,INF_VPN_READ,SYS_AWS_READ,SYS_AZURE_READ,SYS_CONFLUENCE_READ,SYS_GITHUB_READ,SYS_JIRA_READ,SYS_TIMESHEET_WRITE;Internal;2025-10-02T20:11:25Z;santo.corrado@bip.internal;Salvatore Apicella
Empio Simone;empio.simone;PMO & Governance;PMO Consultant;BIP_PMO_CORE,INF_MAIL_READ,INF_VPN_READ,SYS_CONFLUENCE_READ,SYS_JIRA_ADMIN,SYS_JIRA_READ,SYS_MSPROJECT_READ,SYS_SHAREPOINT_WRITE,SYS_TIMESHEET_WRITE;Internal;2025-11-02T21:47:25Z;empio.simone@bip.internal;Stefano Maffei
Samuele Battistoni;samuele.battistoni;Finance Advisory;Finance Consultant;BIP_FINANCE_CORE,INF_MAIL_READ,INF_VPN_READ,SYS_CONFLUENCE_READ,SYS_ERP_FIN_READ,SYS_JIRA_READ,SYS_POWERBI_READ,SYS_TIMESHEET_WRITE;Internal;2026-01-26T16:34:25Z;samuele.battistoni@bip.internal;Gianluca Leone
Antonio Ricci;antonio.ricci;HR & Change;HR Change Consultant;BIP_HR_CORE,INF_MAIL_READ,INF_VPN_READ,SYS_CONFLUENCE_READ,SYS_CONFLUENCE_WRITE,SYS_JIRA_READ,SYS_LMS_READ,SYS_TIMESHEET_WRITE,SYS_WORKDAY_READ;Internal;2025-10-12T03:47:25Z;antonio.ricci@bip.internal;Micol Marani
Alessandro Rossi;alessandro.rossi;Application Modernization;App Modernization Consultant;BIP_APPMOD_CORE,INF_MAIL_READ,INF_VPN_READ,SYS_AZURE_DEVOPS_WRITE,SYS_CONFLUENCE_READ,SYS_GITHUB_WRITE,SYS_JIRA_READ,SYS_TIMESHEET_WRITE;Internal;2025-09-28T16:03:25Z;alessandro.rossi@bip.internal;Salvatore Apicella
Alessandro Bianchi;alessandro.bianchi;Risk & Compliance;Risk Consultant;BIP_RISK_CORE,INF_MAIL_READ,INF_VPN_READ,SYS_AUDIT_PORTAL_READ,SYS_CONFLUENCE_READ,SYS_GRC_READ,SYS_JIRA_READ,SYS_POLICY_MGMT_READ,SYS_TIMESHEET_WRITE;External;2025-09-05T00:14:25Z;alessandro.bianchi@bip.internal;Stefano Maffei
Alessandro Esposito;alessandro.esposito;Strategy & Transformation;Strategy Consultant;BIP_CLIENT_STEERCO,BIP_STRATEGY_CORE,INF_MAIL_READ,INF_VPN_READ,SYS_CONFLUENCE_READ,SYS_JIRA_READ,SYS_POWERBI_READ,SYS_SHAREPOINT_READ,SYS_TIMESHEET_WRITE;Internal;2025-11-03T15:20:25Z;alessandro.esposito@bip.internal;Gianluca Leone
Alessandro Romano;alessandro.romano;ERP & SAP;SAP Consultant;BIP_SAP_CORE,INF_MAIL_READ,INF_VPN_READ,SYS_CLIENT_PORTAL_WRITE,SYS_CONFLUENCE_READ,SYS_CONFLUENCE_WRITE,SYS_JIRA_READ,SYS_SAP_S4_READ,SYS_SIGNAVIO_READ,SYS_TIMESHEET_WRITE;Internal;2025-09-21T13:57:25Z;alessandro.romano@bip.internal;Micol Marani
Alessandro Gallo;alessandro.gallo;Data & AI;Data Consultant;BIP_DATA_CORE,INF_MAIL_READ,INF_VPN_READ,SYS_CONFLUENCE_READ,SYS_DATABRICKS_READ,SYS_JIRA_READ,SYS_POWERBI_WRITE,SYS_SNOWFLAKE_READ,SYS_TIMESHEET_WRITE;Internal;2026-02-17T17:04:25Z;alessandro.gallo@bip.internal;Salvatore Apicella
Alessandro Costa;alessandro.costa;Cybersecurity;Cybersecurity Consultant;BIP_CYBER_CORE,INF_MAIL_READ,INF_VPN_READ,SYS_CONFLUENCE_READ,SYS_IAM_AUDIT,SYS_JIRA_READ,SYS_SIEM_READ,SYS_TIMESHEET_WRITE,SYS_VULN_MGMT_READ;Internal;2025-11-02T12:31:25Z;alessandro.costa@bip.internal;Stefano Maffei
Alessandro Fontana;alessandro.fontana;Cloud & DevOps;Cloud Consultant;BIP_CLOUD_CORE,INF_MAIL_READ,INF_VPN_READ,SYS_AWS_READ,SYS_AZURE_READ,SYS_CONFLUENCE_READ,SYS_GITHUB_READ,SYS_JIRA_READ,SYS_TIMESHEET_WRITE;Internal;2026-01-10T16:00:25Z;alessandro.fontana@bip.internal;Gianluca Leone
Alessandro Rinaldi;alessandro.rinaldi;PMO & Governance;PMO Consultant;BIP_PMO_CORE,INF_MAIL_READ,INF_VPN_READ,SYS_CONFLUENCE_READ,SYS_JIRA_ADMIN,SYS_JIRA_READ,SYS_MSPROJECT_READ,SYS_SHAREPOINT_WRITE,SYS_TIMESHEET_WRITE;Internal;2025-11-24T19:43:25Z;alessandro.rinaldi@bip.internal;Micol Marani
Alessandro Greco;alessandro.greco;Finance Advisory;Finance Consultant;BIP_FINANCE_CORE,INF_MAIL_READ,INF_VPN_READ,SYS_CONFLUENCE_READ,SYS_ERP_FIN_READ,SYS_JIRA_READ,SYS_POWERBI_READ,SYS_TIMESHEET_WRITE;Internal;2025-11-13T19:26:25Z;alessandro.greco@bip.internal;Salvatore Apicella
Alessandro Conti;alessandro.conti;HR & Change;HR Change Consultant;BIP_HR_CORE,INF_MAIL_READ,INF_SECRETS_READ,INF_VPN_READ,SYS_CONFLUENCE_READ,SYS_CONFLUENCE_WRITE,SYS_JIRA_READ,SYS_LMS_READ,SYS_TIMESHEET_WRITE,SYS_WORKDAY_READ;Internal;2025-11-22T03:32:25Z;alessandro.conti@bip.internal;Stefano Maffei
Alessandro Lombardi;alessandro.lombardi;Application Modernization;App Modernization Consultant;BIP_APPMOD_CORE,INF_MAIL_READ,INF_VPN_READ,SYS_AZURE_DEVOPS_WRITE,SYS_CONFLUENCE_READ,SYS_GITHUB_WRITE,SYS_JIRA_READ,SYS_TIMESHEET_WRITE;External;2026-02-06T23:19:25Z;alessandro.lombardi@bip.internal;Gianluca Leone
Alessandro Barbieri;alessandro.barbieri;Risk & Compliance;Risk Consultant;BIP_RISK_CORE,INF_MAIL_READ,INF_VPN_READ,SYS_AUDIT_PORTAL_READ,SYS_CONFLUENCE_READ,SYS_GRC_READ,SYS_JIRA_READ,SYS_POLICY_MGMT_READ,SYS_TIMESHEET_WRITE;Internal;2025-10-04T18:49:25Z;alessandro.barbieri@bip.internal;Micol Marani
Alessandro Marino;alessandro.marino;Strategy & Transformation;Strategy Consultant;BIP_CLIENT_STEERCO,BIP_STRATEGY_CORE,INF_MAIL_READ,INF_VPN_READ,SYS_CONFLUENCE_READ,SYS_JIRA_READ,SYS_POWERBI_READ,SYS_SHAREPOINT_READ,SYS_TIMESHEET_WRITE;Internal;2025-11-14T20:13:25Z;alessandro.marino@bip.internal;Salvatore Apicella
Alessandro Colombo;alessandro.colombo;ERP & SAP;SAP Consultant;BIP_SAP_CORE,INF_MAIL_READ,INF_VPN_READ,SYS_CONFLUENCE_READ,SYS_CONFLUENCE_WRITE,SYS_JIRA_READ,SYS_SAP_S4_READ,SYS_SIGNAVIO_READ,SYS_TIMESHEET_WRITE;Internal;2025-12-05T02:09:25Z;alessandro.colombo@bip.internal;Stefano Maffei
Alessandro Longo;alessandro.longo;Data & AI;Data Consultant;BIP_DATA_CORE,INF_MAIL_READ,INF_VPN_READ,SYS_CLIENT_PORTAL_WRITE,SYS_CONFLUENCE_READ,SYS_DATABRICKS_READ,SYS_JIRA_READ,SYS_POWERBI_WRITE,SYS_SNOWFLAKE_READ,SYS_TIMESHEET_WRITE;Internal;2025-11-18T04:36:25Z;alessandro.longo@bip.internal;Gianluca Leone
Alessandro Mancini;alessandro.mancini;Cybersecurity;Cybersecurity Consultant;BIP_CYBER_CORE,BIP_CYBER_LEAD,INF_MAIL_READ,INF_VPN_READ,SYS_CONFLUENCE_READ,SYS_IAM_AUDIT,SYS_JIRA_READ,SYS_SIEM_READ,SYS_TIMESHEET_WRITE,SYS_VULN_MGMT_READ;Internal;2025-08-22T20:46:25Z;alessandro.mancini@bip.internal;Micol Marani
Alessandro Ferrari;alessandro.ferrari;Cloud & DevOps;Cloud Consultant;BIP_CLOUD_CORE,INF_MAIL_READ,INF_VPN_READ,SYS_AWS_READ,SYS_AZURE_READ,SYS_CONFLUENCE_READ,SYS_GITHUB_READ,SYS_JIRA_READ,SYS_TIMESHEET_WRITE;Internal;2025-09-02T14:59:25Z;alessandro.ferrari@bip.internal;Salvatore Apicella
Alessandro Martinelli;alessandro.martinelli;PMO & Governance;PMO Consultant;BIP_PMO_CORE,INF_MAIL_READ,INF_VPN_READ,SYS_CONFLUENCE_READ,SYS_JIRA_ADMIN,SYS_JIRA_READ,SYS_MSPROJECT_READ,SYS_SHAREPOINT_WRITE,SYS_TIMESHEET_WRITE;Internal;2025-12-06T19:54:25Z;alessandro.martinelli@bip.internal;Stefano Maffei
Alessandro Vitale;alessandro.vitale;Finance Advisory;Finance Consultant;BIP_FINANCE_CORE,INF_MAIL_READ,INF_VPN_READ,SYS_CONFLUENCE_READ,SYS_ERP_FIN_READ,SYS_JIRA_READ,SYS_POWERBI_READ,SYS_TIMESHEET_WRITE;Internal;2025-12-21T19:24:25Z;alessandro.vitale@bip.internal;Gianluca Leone
Alessandro Caruso;alessandro.caruso;HR & Change;HR Change Consultant;BIP_HR_CORE,INF_MAIL_READ,INF_VPN_READ,SYS_CONFLUENCE_READ,SYS_CONFLUENCE_WRITE,SYS_JIRA_READ,SYS_LMS_READ,SYS_TIMESHEET_WRITE,SYS_WORKDAY_READ;External;2025-12-09T08:08:25Z;alessandro.caruso@bip.internal;Micol Marani
Alessandro Serra;alessandro.serra;Application Modernization;App Modernization Consultant;BIP_APPMOD_CORE,INF_MAIL_READ,INF_VPN_READ,SYS_AZURE_DEVOPS_WRITE,SYS_CONFLUENCE_READ,SYS_GITHUB_WRITE,SYS_JIRA_READ,SYS_TIMESHEET_WRITE;Internal;2025-11-17T17:25:25Z;alessandro.serra@bip.internal;Salvatore Apicella
Alessandro Palumbo;alessandro.palumbo;Risk & Compliance;Risk Consultant;BIP_RISK_CORE,INF_MAIL_READ,INF_VPN_READ,SYS_AUDIT_PORTAL_READ,SYS_CONFLUENCE_READ,SYS_GRC_READ,SYS_JIRA_READ,SYS_POLICY_MGMT_READ,SYS_TIMESHEET_WRITE;Internal;2025-11-20T16:06:25Z;alessandro.palumbo@bip.internal;Stefano Maffei
Alessandro Sanna;alessandro.sanna;Strategy & Transformation;Strategy Consultant;BIP_CLIENT_STEERCO,BIP_STRATEGY_CORE,INF_MAIL_READ,INF_VPN_READ,SYS_CONFLUENCE_READ,SYS_JIRA_READ,SYS_POWERBI_READ,SYS_SHAREPOINT_READ,SYS_TIMESHEET_WRITE;Internal;2025-12-11T23:49:25Z;alessandro.sanna@bip.internal;Gianluca Leone
Alessandro Neri;alessandro.neri;ERP & SAP;SAP Consultant;BIP_SAP_CORE,INF_MAIL_READ,INF_VPN_READ,SYS_CONFLUENCE_READ,SYS_CONFLUENCE_WRITE,SYS_JIRA_READ,SYS_SAP_S4_READ,SYS_SIGNAVIO_READ,SYS_TIMESHEET_WRITE;Internal;2025-08-28T02:44:25Z;alessandro.neri@bip.internal;Micol Marani
Alessandro Ferrara;alessandro.ferrara;Data & AI;Data Consultant;BIP_DATA_CORE,INF_MAIL_READ,INF_VPN_READ,SYS_CONFLUENCE_READ,SYS_DATABRICKS_READ,SYS_JIRA_READ,SYS_POWERBI_WRITE,SYS_SNOWFLAKE_READ,SYS_TIMESHEET_WRITE;Internal;2025-09-16T02:38:25Z;alessandro.ferrara@bip.internal;Salvatore Apicella
Alessandro De Luca;alessandro.de.luca;Cybersecurity;Cybersecurity Consultant;BIP_CYBER_CORE,INF_MAIL_READ,INF_VPN_READ,SYS_CLIENT_PORTAL_WRITE,SYS_CONFLUENCE_READ,SYS_IAM_AUDIT,SYS_JIRA_READ,SYS_SIEM_READ,SYS_TIMESHEET_WRITE,SYS_VULN_MGMT_READ;Internal;2025-10-04T23:33:25Z;alessandro.de.luca@bip.internal;Stefano Maffei
Alessandro Moretti;alessandro.moretti;Cloud & DevOps;Cloud Consultant;BIP_CLOUD_CORE,INF_MAIL_READ,INF_SECRETS_READ,INF_VPN_READ,SYS_AWS_READ,SYS_AZURE_READ,SYS_CONFLUENCE_READ,SYS_GITHUB_READ,SYS_JIRA_READ,SYS_TIMESHEET_WRITE;Internal;2026-01-08T08:24:25Z;alessandro.moretti@bip.internal;Gianluca Leone
Alessandro Parisi;alessandro.parisi;PMO & Governance;PMO Consultant;BIP_PMO_CORE,INF_MAIL_READ,INF_VPN_READ,SYS_CONFLUENCE_READ,SYS_JIRA_ADMIN,SYS_JIRA_READ,SYS_MSPROJECT_READ,SYS_SHAREPOINT_WRITE,SYS_TIMESHEET_WRITE;Internal;2025-12-11T02:04:25Z;alessandro.parisi@bip.internal;Micol Marani
Alessandro Giordano;alessandro.giordano;Finance Advisory;Finance Consultant;BIP_FINANCE_CORE,INF_MAIL_READ,INF_VPN_READ,SYS_CONFLUENCE_READ,SYS_ERP_FIN_READ,SYS_JIRA_READ,SYS_POWERBI_READ,SYS_TIMESHEET_WRITE;External;2025-09-29T15:05:25Z;alessandro.giordano@bip.internal;Salvatore Apicella
Alessandro Pellegrini;alessandro.pellegrini;HR & Change;HR Change Consultant;BIP_HR_CORE,INF_MAIL_READ,INF_VPN_READ,SYS_CONFLUENCE_READ,SYS_CONFLUENCE_WRITE,SYS_JIRA_READ,SYS_LMS_READ,SYS_TIMESHEET_WRITE,SYS_WORKDAY_READ;Administrative;2025-11-27T21:34:25Z;alessandro.pellegrini@bip.internal;Stefano Maffei
Marco Rossi;marco.rossi;Application Modernization;App Modernization Consultant;BIP_APPMOD_CORE,INF_MAIL_READ,INF_VPN_READ,SYS_AZURE_DEVOPS_WRITE,SYS_CONFLUENCE_READ,SYS_GITHUB_WRITE,SYS_JIRA_READ,SYS_TIMESHEET_WRITE;Internal;2026-02-10T12:23:25Z;marco.rossi@bip.internal;Gianluca Leone
Marco Bianchi;marco.bianchi;Risk & Compliance;Risk Consultant;BIP_RISK_CORE,INF_MAIL_READ,INF_VPN_READ,SYS_AUDIT_PORTAL_READ,SYS_CONFLUENCE_READ,SYS_GRC_READ,SYS_JIRA_READ,SYS_POLICY_MGMT_READ,SYS_TIMESHEET_WRITE;Internal;2025-12-12T20:35:25Z;marco.bianchi@bip.internal;Micol Marani
Marco Esposito;marco.esposito;Strategy & Transformation;Strategy Consultant;BIP_CLIENT_STEERCO,BIP_STRATEGY_CORE,INF_MAIL_READ,INF_VPN_READ,SYS_CONFLUENCE_READ,SYS_JIRA_READ,SYS_POWERBI_READ,SYS_SHAREPOINT_READ,SYS_TIMESHEET_WRITE;Internal;2025-09-26T00:28:25Z;marco.esposito@bip.internal;Salvatore Apicella
Marco Romano;marco.romano;ERP & SAP;SAP Consultant;BIP_SAP_CORE,INF_IAM_ADMIN,INF_MAIL_READ,INF_VPN_READ,SYS_CONFLUENCE_READ,SYS_CONFLUENCE_WRITE,SYS_JIRA_READ,SYS_SAP_S4_READ,SYS_SIGNAVIO_READ,SYS_TIMESHEET_WRITE;Internal;2025-12-26T02:17:25Z;marco.romano@bip.internal;Stefano Maffei
Marco Gallo;marco.gallo;Data & AI;Data Consultant;BIP_DATA_CORE,INF_MAIL_READ,INF_VPN_READ,SYS_CONFLUENCE_READ,SYS_DATABRICKS_READ,SYS_JIRA_READ,SYS_POWERBI_WRITE,SYS_SNOWFLAKE_READ,SYS_TIMESHEET_WRITE;Internal;2025-11-09T02:19:25Z;marco.gallo@bip.internal;Gianluca Leone
Marco Costa;marco.costa;Cybersecurity;Cybersecurity Consultant;BIP_CYBER_CORE,INF_MAIL_READ,INF_VPN_READ,SYS_CONFLUENCE_READ,SYS_IAM_AUDIT,SYS_JIRA_READ,SYS_SIEM_READ,SYS_TIMESHEET_WRITE,SYS_VULN_MGMT_READ;Internal;2026-01-13T14:40:25Z;marco.costa@bip.internal;Micol Marani
Marco Fontana;marco.fontana;Cloud & DevOps;Cloud Consultant;BIP_CLOUD_CORE,INF_MAIL_READ,INF_VPN_READ,SYS_AWS_READ,SYS_AZURE_READ,SYS_CLIENT_PORTAL_WRITE,SYS_CONFLUENCE_READ,SYS_GITHUB_READ,SYS_JIRA_READ,SYS_TIMESHEET_WRITE;Internal;2025-12-16T23:13:25Z;marco.fontana@bip.internal;Salvatore Apicella
Marco Rinaldi;marco.rinaldi;PMO & Governance;PMO Consultant;BIP_PMO_CORE,INF_MAIL_READ,INF_VPN_READ,SYS_CONFLUENCE_READ,SYS_JIRA_ADMIN,SYS_JIRA_READ,SYS_MSPROJECT_READ,SYS_SHAREPOINT_WRITE,SYS_TIMESHEET_WRITE;External;2025-10-04T14:01:25Z;marco.rinaldi@bip.internal;Stefano Maffei
Marco Greco;marco.greco;Finance Advisory;Finance Consultant;BIP_FINANCE_CORE,BIP_FINANCE_LEAD,INF_MAIL_READ,INF_VPN_READ,SYS_CONFLUENCE_READ,SYS_ERP_FIN_READ,SYS_JIRA_READ,SYS_POWERBI_READ,SYS_TIMESHEET_WRITE;Internal;2025-09-22T08:51:25Z;marco.greco@bip.internal;Gianluca Leone
Marco Conti;marco.conti;HR & Change;HR Change Consultant;BIP_HR_CORE,INF_MAIL_READ,INF_VPN_READ,SYS_CONFLUENCE_READ,SYS_CONFLUENCE_WRITE,SYS_JIRA_READ,SYS_LMS_READ,SYS_TIMESHEET_WRITE,SYS_WORKDAY_READ;Internal;2025-09-22T10:25:25Z;marco.conti@bip.internal;Micol Marani
Marco Lombardi;marco.lombardi;Application Modernization;App Modernization Consultant;BIP_APPMOD_CORE,INF_MAIL_READ,INF_VPN_READ,SYS_AZURE_DEVOPS_WRITE,SYS_CONFLUENCE_READ,SYS_GITHUB_WRITE,SYS_JIRA_READ,SYS_TIMESHEET_WRITE;Internal;2025-12-24T18:16:25Z;marco.lombardi@bip.internal;Salvatore Apicella
Marco Barbieri;marco.barbieri;Risk & Compliance;Risk Consultant;BIP_RISK_CORE,INF_MAIL_READ,INF_VPN_READ,SYS_AUDIT_PORTAL_READ,SYS_CONFLUENCE_READ,SYS_GRC_READ,SYS_JIRA_READ,SYS_POLICY_MGMT_READ,SYS_TIMESHEET_WRITE;Internal;2025-10-15T20:00:25Z;marco.barbieri@bip.internal;Stefano Maffei
Marco Marino;marco.marino;Strategy & Transformation;Strategy Consultant;BIP_CLIENT_STEERCO,BIP_STRATEGY_CORE,INF_MAIL_READ,INF_VPN_READ,SYS_CONFLUENCE_READ,SYS_JIRA_READ,SYS_POWERBI_READ,SYS_SHAREPOINT_READ,SYS_TIMESHEET_WRITE;Internal;2026-02-06T19:39:25Z;marco.marino@bip.internal;Gianluca Leone
Marco Colombo;marco.colombo;ERP & SAP;SAP Consultant;BIP_SAP_CORE,INF_MAIL_READ,INF_SECRETS_READ,INF_VPN_READ,SYS_CONFLUENCE_READ,SYS_CONFLUENCE_WRITE,SYS_JIRA_READ,SYS_SAP_S4_READ,SYS_SIGNAVIO_READ,SYS_TIMESHEET_WRITE;Internal;2025-09-11T16:58:25Z;marco.colombo@bip.internal;Micol Marani
Marco Longo;marco.longo;Data & AI;Data Consultant;BIP_DATA_CORE,INF_MAIL_READ,INF_VPN_READ,SYS_CONFLUENCE_READ,SYS_DATABRICKS_READ,SYS_JIRA_READ,SYS_POWERBI_WRITE,SYS_SNOWFLAKE_READ,SYS_TIMESHEET_WRITE;Internal;2025-08-28T09:10:25Z;marco.longo@bip.internal;Salvatore Apicella
Marco Mancini;marco.mancini;Cybersecurity;Cybersecurity Consultant;BIP_CYBER_CORE,INF_MAIL_READ,INF_VPN_READ,SYS_CONFLUENCE_READ,SYS_IAM_AUDIT,SYS_JIRA_READ,SYS_SIEM_READ,SYS_TIMESHEET_WRITE,SYS_VULN_MGMT_READ;Internal;2026-02-02T10:24:25Z;marco.mancini@bip.internal;Stefano Maffei
Marco Ferrari;marco.ferrari;Cloud & DevOps;Cloud Consultant;BIP_CLOUD_CORE,INF_MAIL_READ,INF_VPN_READ,SYS_AWS_READ,SYS_AZURE_READ,SYS_CONFLUENCE_READ,SYS_GITHUB_READ,SYS_JIRA_READ,SYS_TIMESHEET_WRITE;External;2025-09-19T08:15:25Z;marco.ferrari@bip.internal;Gianluca Leone
Marco Martinelli;marco.martinelli;PMO & Governance;PMO Consultant;BIP_PMO_CORE,INF_MAIL_READ,INF_VPN_READ,SYS_CLIENT_PORTAL_WRITE,SYS_CONFLUENCE_READ,SYS_JIRA_ADMIN,SYS_JIRA_READ,SYS_MSPROJECT_READ,SYS_SHAREPOINT_WRITE,SYS_TIMESHEET_WRITE;Internal;2025-12-16T04:53:25Z;marco.martinelli@bip.internal;Micol Marani
Marco Vitale;marco.vitale;Finance Advisory;Finance Consultant;BIP_FINANCE_CORE,INF_MAIL_READ,INF_VPN_READ,SYS_CONFLUENCE_READ,SYS_ERP_FIN_READ,SYS_JIRA_READ,SYS_POWERBI_READ,SYS_TIMESHEET_WRITE;Internal;2026-02-16T01:02:25Z;marco.vitale@bip.internal;Salvatore Apicella
Marco Caruso;marco.caruso;HR & Change;HR Change Consultant;BIP_HR_CORE,INF_MAIL_READ,INF_VPN_READ,SYS_CONFLUENCE_READ,SYS_CONFLUENCE_WRITE,SYS_JIRA_READ,SYS_LMS_READ,SYS_TIMESHEET_WRITE,SYS_WORKDAY_READ;Internal;2026-01-20T00:52:25Z;marco.caruso@bip.internal;Stefano Maffei
Marco Serra;marco.serra;Application Modernization;App Modernization Consultant;BIP_APPMOD_CORE,INF_MAIL_READ,INF_VPN_READ,SYS_AZURE_DEVOPS_WRITE,SYS_CONFLUENCE_READ,SYS_GITHUB_WRITE,SYS_JIRA_READ,SYS_TIMESHEET_WRITE;Internal;2025-10-04T13:59:25Z;marco.serra@bip.internal;Gianluca Leone
Marco Palumbo;marco.palumbo;Risk & Compliance;Risk Consultant;BIP_RISK_CORE,INF_MAIL_READ,INF_VPN_READ,SYS_AUDIT_PORTAL_READ,SYS_CONFLUENCE_READ,SYS_GRC_READ,SYS_JIRA_READ,SYS_POLICY_MGMT_READ,SYS_TIMESHEET_WRITE;Internal;2025-09-07T12:41:25Z;marco.palumbo@bip.internal;Micol Marani
Marco Sanna;marco.sanna;Strategy & Transformation;Strategy Consultant;BIP_CLIENT_STEERCO,BIP_STRATEGY_CORE,INF_MAIL_READ,INF_VPN_READ,SYS_CONFLUENCE_READ,SYS_JIRA_READ,SYS_POWERBI_READ,SYS_SHAREPOINT_READ,SYS_TIMESHEET_WRITE;Internal;2025-12-05T09:38:25Z;marco.sanna@bip.internal;Salvatore Apicella
Marco Neri;marco.neri;ERP & SAP;SAP Consultant;BIP_SAP_CORE,INF_MAIL_READ,INF_VPN_READ,SYS_CONFLUENCE_READ,SYS_CONFLUENCE_WRITE,SYS_JIRA_READ,SYS_SAP_S4_READ,SYS_SIGNAVIO_READ,SYS_TIMESHEET_WRITE;Internal;2025-10-25T22:02:25Z;marco.neri@bip.internal;Stefano Maffei
Marco Ferrara;marco.ferrara;Data & AI;Data Consultant;BIP_DATA_CORE,INF_MAIL_READ,INF_VPN_READ,SYS_CONFLUENCE_READ,SYS_DATABRICKS_READ,SYS_JIRA_READ,SYS_POWERBI_WRITE,SYS_SNOWFLAKE_READ,SYS_TIMESHEET_WRITE;Internal;2025-12-13T06:00:25Z;marco.ferrara@bip.internal;Gianluca Leone
Marco De Luca;marco.de.luca;Cybersecurity;Cybersecurity Consultant;BIP_CYBER_CORE,INF_MAIL_READ,INF_VPN_READ,SYS_CONFLUENCE_READ,SYS_IAM_AUDIT,SYS_JIRA_READ,SYS_SIEM_READ,SYS_TIMESHEET_WRITE,SYS_VULN_MGMT_READ;External;2026-01-04T05:50:25Z;marco.de.luca@bip.internal;Micol Marani
Marco Moretti;marco.moretti;Cloud & DevOps;Cloud Consultant;BIP_CLOUD_CORE,INF_MAIL_READ,INF_VPN_READ,SYS_AWS_READ,SYS_AZURE_READ,SYS_CONFLUENCE_READ,SYS_GITHUB_READ,SYS_JIRA_READ,SYS_TIMESHEET_WRITE;Internal;2026-01-22T02:29:25Z;marco.moretti@bip.internal;Salvatore Apicella
Marco Parisi;marco.parisi;PMO & Governance;PMO Consultant;BIP_PMO_CORE,INF_MAIL_READ,INF_VPN_READ,SYS_CONFLUENCE_READ,SYS_JIRA_ADMIN,SYS_JIRA_READ,SYS_MSPROJECT_READ,SYS_SHAREPOINT_WRITE,SYS_TIMESHEET_WRITE;Internal;2025-09-08T06:10:25Z;marco.parisi@bip.internal;Stefano Maffei
Marco Giordano;marco.giordano;Finance Advisory;Finance Consultant;BIP_FINANCE_CORE,INF_MAIL_READ,INF_VPN_READ,SYS_CLIENT_PORTAL_WRITE,SYS_CONFLUENCE_READ,SYS_ERP_FIN_READ,SYS_JIRA_READ,SYS_POWERBI_READ,SYS_TIMESHEET_WRITE;Internal;2025-12-30T18:25:25Z;marco.giordano@bip.internal;Gianluca Leone
Marco Pellegrini;marco.pellegrini;HR & Change;HR Change Consultant;BIP_HR_CORE,INF_MAIL_READ,INF_VPN_READ,SYS_CONFLUENCE_READ,SYS_CONFLUENCE_WRITE,SYS_JIRA_READ,SYS_LMS_READ,SYS_TIMESHEET_WRITE,SYS_WORKDAY_READ;Internal;2026-01-08T04:59:25Z;marco.pellegrini@bip.internal;Micol Marani
Luca Rossi;luca.rossi;Application Modernization;App Modernization Consultant;BIP_APPMOD_CORE,INF_MAIL_READ,INF_SECRETS_READ,INF_VPN_READ,SYS_AZURE_DEVOPS_WRITE,SYS_CONFLUENCE_READ,SYS_GITHUB_WRITE,SYS_JIRA_READ,SYS_TIMESHEET_WRITE;Internal;2025-10-06T22:10:25Z;luca.rossi@bip.internal;Salvatore Apicella
Luca Bianchi;luca.bianchi;Risk & Compliance;Risk Consultant;BIP_RISK_CORE,BIP_RISK_LEAD,INF_MAIL_READ,INF_VPN_READ,SYS_AUDIT_PORTAL_READ,SYS_CONFLUENCE_READ,SYS_GRC_READ,SYS_JIRA_READ,SYS_POLICY_MGMT_READ,SYS_TIMESHEET_WRITE;Internal;2025-11-28T07:47:25Z;luca.bianchi@bip.internal;Stefano Maffei
Luca Esposito;luca.esposito;Strategy & Transformation;Strategy Consultant;BIP_CLIENT_STEERCO,BIP_STRATEGY_CORE,INF_MAIL_READ,INF_VPN_READ,SYS_CONFLUENCE_READ,SYS_JIRA_READ,SYS_POWERBI_READ,SYS_SHAREPOINT_READ,SYS_TIMESHEET_WRITE;Internal;2026-01-21T10:52:25Z;luca.esposito@bip.internal;Gianluca Leone
Luca Romano;luca.romano;ERP & SAP;SAP Consultant;BIP_SAP_CORE,INF_MAIL_READ,INF_VPN_READ,SYS_CONFLUENCE_READ,SYS_CONFLUENCE_WRITE,SYS_JIRA_READ,SYS_SAP_S4_READ,SYS_SIGNAVIO_READ,SYS_TIMESHEET_WRITE;Internal;2025-12-02T15:45:25Z;luca.romano@bip.internal;Micol Marani
Luca Gallo;luca.gallo;Data & AI;Data Consultant;BIP_DATA_CORE,INF_MAIL_READ,INF_VPN_READ,SYS_CONFLUENCE_READ,SYS_DATABRICKS_READ,SYS_JIRA_READ,SYS_POWERBI_WRITE,SYS_SNOWFLAKE_READ,SYS_TIMESHEET_WRITE;External;2025-12-19T04:43:25Z;luca.gallo@bip.internal;Salvatore Apicella
Luca Costa;luca.costa;Cybersecurity;Cybersecurity Consultant;BIP_CYBER_CORE,INF_MAIL_READ,INF_VPN_READ,SYS_CONFLUENCE_READ,SYS_IAM_AUDIT,SYS_JIRA_READ,SYS_SIEM_READ,SYS_TIMESHEET_WRITE,SYS_VULN_MGMT_READ;Internal;2026-01-27T23:17:25Z;luca.costa@bip.internal;Stefano Maffei
Luca Fontana;luca.fontana;Cloud & DevOps;Cloud Consultant;BIP_CLOUD_CORE,INF_MAIL_READ,INF_VPN_READ,SYS_AWS_READ,SYS_AZURE_READ,SYS_CONFLUENCE_READ,SYS_GITHUB_READ,SYS_JIRA_READ,SYS_TIMESHEET_WRITE;Administrative;2026-02-01T04:59:25Z;luca.fontana@bip.internal;Gianluca Leone
Luca Rinaldi;luca.rinaldi;PMO & Governance;PMO Consultant;BIP_PMO_CORE,INF_MAIL_READ,INF_VPN_READ,SYS_CONFLUENCE_READ,SYS_JIRA_ADMIN,SYS_JIRA_READ,SYS_MSPROJECT_READ,SYS_SHAREPOINT_WRITE,SYS_TIMESHEET_WRITE;Internal;2026-01-17T18:06:25Z;luca.rinaldi@bip.internal;Micol Marani
Luca Greco;luca.greco;Finance Advisory;Finance Consultant;BIP_FINANCE_CORE,INF_MAIL_READ,INF_VPN_READ,SYS_CONFLUENCE_READ,SYS_ERP_FIN_READ,SYS_JIRA_READ,SYS_POWERBI_READ,SYS_TIMESHEET_WRITE;Internal;2025-10-20T05:38:25Z;luca.greco@bip.internal;Salvatore Apicella
Luca Conti;luca.conti;HR & Change;HR Change Consultant;BIP_HR_CORE,INF_MAIL_READ,INF_VPN_READ,SYS_CLIENT_PORTAL_WRITE,SYS_CONFLUENCE_READ,SYS_CONFLUENCE_WRITE,SYS_JIRA_READ,SYS_LMS_READ,SYS_TIMESHEET_WRITE,SYS_WORKDAY_READ;Internal;2025-12-13T05:53:25Z;luca.conti@bip.internal;Stefano Maffei
Luca Lombardi;luca.lombardi;Application Modernization;App Modernization Consultant;BIP_APPMOD_CORE,INF_MAIL_READ,INF_VPN_READ,SYS_AZURE_DEVOPS_WRITE,SYS_CONFLUENCE_READ,SYS_GITHUB_WRITE,SYS_JIRA_READ,SYS_TIMESHEET_WRITE;Internal;2025-09-16T09:35:25Z;luca.lombardi@bip.internal;Gianluca Leone
Luca Barbieri;luca.barbieri;Risk & Compliance;Risk Consultant;BIP_RISK_CORE,INF_MAIL_READ,INF_VPN_READ,SYS_AUDIT_PORTAL_READ,SYS_CONFLUENCE_READ,SYS_GRC_READ,SYS_JIRA_READ,SYS_POLICY_MGMT_READ,SYS_TIMESHEET_WRITE;Internal;2025-10-02T23:04:25Z;luca.barbieri@bip.internal;Micol Marani
Luca Marino;luca.marino;Strategy & Transformation;Strategy Consultant;BIP_CLIENT_STEERCO,BIP_STRATEGY_CORE,INF_MAIL_READ,INF_VPN_READ,SYS_CONFLUENCE_READ,SYS_JIRA_READ,SYS_POWERBI_READ,SYS_SHAREPOINT_READ,SYS_TIMESHEET_WRITE;Internal;2025-12-29T00:29:25Z;luca.marino@bip.internal;Salvatore Apicella
Luca Colombo;luca.colombo;ERP & SAP;SAP Consultant;BIP_SAP_CORE,INF_MAIL_READ,INF_VPN_READ,SYS_CONFLUENCE_READ,SYS_CONFLUENCE_WRITE,SYS_JIRA_READ,SYS_SAP_S4_READ,SYS_SIGNAVIO_READ,SYS_TIMESHEET_WRITE;External;2025-11-08T01:07:25Z;luca.colombo@bip.internal;Stefano Maffei
Luca Longo;luca.longo;Data & AI;Data Consultant;BIP_DATA_CORE,INF_IAM_ADMIN,INF_MAIL_READ,INF_VPN_READ,SYS_CONFLUENCE_READ,SYS_DATABRICKS_READ,SYS_JIRA_READ,SYS_POWERBI_WRITE,SYS_SNOWFLAKE_READ,SYS_TIMESHEET_WRITE;Internal;2025-11-15T07:51:25Z;luca.longo@bip.internal;Gianluca Leone
Luca Mancini;luca.mancini;Cybersecurity;Cybersecurity Consultant;BIP_CYBER_CORE,INF_MAIL_READ,INF_VPN_READ,SYS_CONFLUENCE_READ,SYS_IAM_AUDIT,SYS_JIRA_READ,SYS_SIEM_READ,SYS_TIMESHEET_WRITE,SYS_VULN_MGMT_READ;Internal;2025-10-09T08:41:25Z;luca.mancini@bip.internal;Micol Marani
Luca Ferrari;luca.ferrari;Cloud & DevOps;Cloud Consultant;BIP_CLOUD_CORE,INF_MAIL_READ,INF_VPN_READ,SYS_AWS_READ,SYS_AZURE_READ,SYS_CONFLUENCE_READ,SYS_GITHUB_READ,SYS_JIRA_READ,SYS_TIMESHEET_WRITE;Internal;2025-12-17T15:44:25Z;luca.ferrari@bip.internal;Salvatore Apicella
Luca Martinelli;luca.martinelli;PMO & Governance;PMO Consultant;BIP_PMO_CORE,INF_MAIL_READ,INF_SECRETS_READ,INF_VPN_READ,SYS_CONFLUENCE_READ,SYS_JIRA_ADMIN,SYS_JIRA_READ,SYS_MSPROJECT_READ,SYS_SHAREPOINT_WRITE,SYS_TIMESHEET_WRITE;Internal;2025-11-24T22:11:25Z;luca.martinelli@bip.internal;Stefano Maffei
Luca Vitale;luca.vitale;Finance Advisory;Finance Consultant;BIP_FINANCE_CORE,INF_MAIL_READ,INF_VPN_READ,SYS_CONFLUENCE_READ,SYS_ERP_FIN_READ,SYS_JIRA_READ,SYS_POWERBI_READ,SYS_TIMESHEET_WRITE;Internal;2025-09-30T15:11:25Z;luca.vitale@bip.internal;Gianluca Leone
Luca Caruso;luca.caruso;HR & Change;HR Change Consultant;BIP_HR_CORE,INF_MAIL_READ,INF_VPN_READ,SYS_CONFLUENCE_READ,SYS_CONFLUENCE_WRITE,SYS_JIRA_READ,SYS_LMS_READ,SYS_TIMESHEET_WRITE,SYS_WORKDAY_READ;Internal;2025-12-24T22:44:25Z;luca.caruso@bip.internal;Micol Marani
Luca Serra;luca.serra;Application Modernization;App Modernization Consultant;BIP_APPMOD_CORE,INF_MAIL_READ,INF_VPN_READ,SYS_AZURE_DEVOPS_WRITE,SYS_CLIENT_PORTAL_WRITE,SYS_CONFLUENCE_READ,SYS_GITHUB_WRITE,SYS_JIRA_READ,SYS_TIMESHEET_WRITE;Internal;2025-09-10T21:34:25Z;luca.serra@bip.internal;Salvatore Apicella
Luca Palumbo;luca.palumbo;Risk & Compliance;Risk Consultant;BIP_RISK_CORE,INF_MAIL_READ,INF_VPN_READ,SYS_AUDIT_PORTAL_READ,SYS_CONFLUENCE_READ,SYS_GRC_READ,SYS_JIRA_READ,SYS_POLICY_MGMT_READ,SYS_TIMESHEET_WRITE;Internal;2026-02-01T20:53:25Z;luca.palumbo@bip.internal;Stefano Maffei
Luca Sanna;luca.sanna;Strategy & Transformation;Strategy Consultant;BIP_CLIENT_STEERCO,BIP_STRATEGY_CORE,INF_MAIL_READ,INF_VPN_READ,SYS_CONFLUENCE_READ,SYS_JIRA_READ,SYS_POWERBI_READ,SYS_SHAREPOINT_READ,SYS_TIMESHEET_WRITE;External;2025-11-26T20:16:25Z;luca.sanna@bip.internal;Gianluca Leone
Luca Neri;luca.neri;ERP & SAP;SAP Consultant;BIP_SAP_CORE,INF_MAIL_READ,INF_VPN_READ,SYS_CONFLUENCE_READ,SYS_CONFLUENCE_WRITE,SYS_JIRA_READ,SYS_SAP_S4_READ,SYS_SIGNAVIO_READ,SYS_TIMESHEET_WRITE;Internal;2025-12-20T14:06:25Z;luca.neri@bip.internal;Micol Marani
Luca Ferrara;luca.ferrara;Data & AI;Data Consultant;BIP_DATA_CORE,BIP_DATA_LEAD,INF_MAIL_READ,INF_VPN_READ,SYS_CONFLUENCE_READ,SYS_DATABRICKS_READ,SYS_JIRA_READ,SYS_POWERBI_WRITE,SYS_SNOWFLAKE_READ,SYS_TIMESHEET_WRITE;Internal;2025-10-17T16:14:25Z;luca.ferrara@bip.internal;Salvatore Apicella
Luca De Luca;luca.de.luca;Cybersecurity;Cybersecurity Consultant;BIP_CYBER_CORE,INF_MAIL_READ,INF_VPN_READ,SYS_CONFLUENCE_READ,SYS_IAM_AUDIT,SYS_JIRA_READ,SYS_SIEM_READ,SYS_TIMESHEET_WRITE,SYS_VULN_MGMT_READ;Internal;2026-01-15T22:49:25Z;luca.de.luca@bip.internal;Stefano Maffei
Luca Moretti;luca.moretti;Cloud & DevOps;Cloud Consultant;BIP_CLOUD_CORE,INF_MAIL_READ,INF_VPN_READ,SYS_AWS_READ,SYS_AZURE_READ,SYS_CONFLUENCE_READ,SYS_GITHUB_READ,SYS_JIRA_READ,SYS_TIMESHEET_WRITE;Internal;2025-09-25T04:18:25Z;luca.moretti@bip.internal;Gianluca Leone
Luca Parisi;luca.parisi;PMO & Governance;PMO Consultant;BIP_PMO_CORE,INF_MAIL_READ,INF_VPN_READ,SYS_CONFLUENCE_READ,SYS_JIRA_ADMIN,SYS_JIRA_READ,SYS_MSPROJECT_READ,SYS_SHAREPOINT_WRITE,SYS_TIMESHEET_WRITE;Internal;2025-12-18T06:57:25Z;luca.parisi@bip.internal;Micol Marani
Luca Giordano;luca.giordano;Finance Advisory;Finance Consultant;BIP_FINANCE_CORE,INF_MAIL_READ,INF_VPN_READ,SYS_CONFLUENCE_READ,SYS_ERP_FIN_READ,SYS_JIRA_READ,SYS_POWERBI_READ,SYS_TIMESHEET_WRITE;Internal;2025-11-06T16:42:25Z;luca.giordano@bip.internal;Salvatore Apicella
Luca Pellegrini;luca.pellegrini;HR & Change;HR Change Consultant;BIP_HR_CORE,INF_MAIL_READ,INF_VPN_READ,SYS_CONFLUENCE_READ,SYS_CONFLUENCE_WRITE,SYS_JIRA_READ,SYS_LMS_READ,SYS_TIMESHEET_WRITE,SYS_WORKDAY_READ;Internal;2026-01-25T01:21:25Z;luca.pellegrini@bip.internal;Stefano Maffei
Matteo Rossi;matteo.rossi;Application Modernization;App Modernization Consultant;BIP_APPMOD_CORE,INF_MAIL_READ,INF_VPN_READ,SYS_AZURE_DEVOPS_WRITE,SYS_CONFLUENCE_READ,SYS_GITHUB_WRITE,SYS_JIRA_READ,SYS_TIMESHEET_WRITE;Internal;2025-11-20T09:22:25Z;matteo.rossi@bip.internal;Gianluca Leone
Matteo Bianchi;matteo.bianchi;Risk & Compliance;Risk Consultant;BIP_RISK_CORE,INF_MAIL_READ,INF_VPN_READ,SYS_AUDIT_PORTAL_READ,SYS_CLIENT_PORTAL_WRITE,SYS_CONFLUENCE_READ,SYS_GRC_READ,SYS_JIRA_READ,SYS_POLICY_MGMT_READ,SYS_TIMESHEET_WRITE;External;2025-10-21T23:45:25Z;matteo.bianchi@bip.internal;Micol Marani
Matteo Esposito;matteo.esposito;Strategy & Transformation;Strategy Consultant;BIP_CLIENT_STEERCO,BIP_STRATEGY_CORE,INF_MAIL_READ,INF_VPN_READ,SYS_CONFLUENCE_READ,SYS_JIRA_READ,SYS_POWERBI_READ,SYS_SHAREPOINT_READ,SYS_TIMESHEET_WRITE;Internal;2025-08-30T02:07:25Z;matteo.esposito@bip.internal;Salvatore Apicella
Matteo Romano;matteo.romano;ERP & SAP;SAP Consultant;BIP_SAP_CORE,INF_MAIL_READ,INF_VPN_READ,SYS_CONFLUENCE_READ,SYS_CONFLUENCE_WRITE,SYS_JIRA_READ,SYS_SAP_S4_READ,SYS_SIGNAVIO_READ,SYS_TIMESHEET_WRITE;Internal;2026-01-24T21:23:25Z;matteo.romano@bip.internal;Stefano Maffei
Matteo Gallo;matteo.gallo;Data & AI;Data Consultant;BIP_DATA_CORE,INF_MAIL_READ,INF_SECRETS_READ,INF_VPN_READ,SYS_CONFLUENCE_READ,SYS_DATABRICKS_READ,SYS_JIRA_READ,SYS_POWERBI_WRITE,SYS_SNOWFLAKE_READ,SYS_TIMESHEET_WRITE;Internal;2025-11-24T19:33:25Z;matteo.gallo@bip.internal;Gianluca Leone
Matteo Costa;matteo.costa;Cybersecurity;Cybersecurity Consultant;BIP_CYBER_CORE,INF_MAIL_READ,INF_VPN_READ,SYS_CONFLUENCE_READ,SYS_IAM_AUDIT,SYS_JIRA_READ,SYS_SIEM_READ,SYS_TIMESHEET_WRITE,SYS_VULN_MGMT_READ;Internal;2025-12-31T16:14:25Z;matteo.costa@bip.internal;Micol Marani
Matteo Fontana;matteo.fontana;Cloud & DevOps;Cloud Consultant;BIP_CLOUD_CORE,INF_MAIL_READ,INF_VPN_READ,SYS_AWS_READ,SYS_AZURE_READ,SYS_CONFLUENCE_READ,SYS_GITHUB_READ,SYS_JIRA_READ,SYS_TIMESHEET_WRITE;Internal;2025-10-27T18:21:25Z;matteo.fontana@bip.internal;Salvatore Apicella
Matteo Rinaldi;matteo.rinaldi;PMO & Governance;PMO Consultant;BIP_PMO_CORE,INF_MAIL_READ,INF_VPN_READ,SYS_CONFLUENCE_READ,SYS_JIRA_ADMIN,SYS_JIRA_READ,SYS_MSPROJECT_READ,SYS_SHAREPOINT_WRITE,SYS_TIMESHEET_WRITE;Internal;2026-01-03T14:19:25Z;matteo.rinaldi@bip.internal;Stefano Maffei
Matteo Greco;matteo.greco;Finance Advisory;Finance Consultant;BIP_FINANCE_CORE,INF_MAIL_READ,INF_VPN_READ,SYS_CONFLUENCE_READ,SYS_ERP_FIN_READ,SYS_JIRA_READ,SYS_POWERBI_READ,SYS_TIMESHEET_WRITE;Internal;2025-12-17T20:20:25Z;matteo.greco@bip.internal;Gianluca Leone
Matteo Conti;matteo.conti;HR & Change;HR Change Consultant;BIP_HR_CORE,INF_MAIL_READ,INF_VPN_READ,SYS_CONFLUENCE_READ,SYS_CONFLUENCE_WRITE,SYS_JIRA_READ,SYS_LMS_READ,SYS_TIMESHEET_WRITE,SYS_WORKDAY_READ;Internal;2025-10-01T19:45:25Z;matteo.conti@bip.internal;Micol Marani
Matteo Lombardi;matteo.lombardi;Application Modernization;App Modernization Consultant;BIP_APPMOD_CORE,INF_MAIL_READ,INF_VPN_READ,SYS_AZURE_DEVOPS_WRITE,SYS_CONFLUENCE_READ,SYS_GITHUB_WRITE,SYS_JIRA_READ,SYS_TIMESHEET_WRITE;External;2025-09-05T04:55:25Z;matteo.lombardi@bip.internal;Salvatore Apicella
Matteo Barbieri;matteo.barbieri;Risk & Compliance;Risk Consultant;BIP_RISK_CORE,INF_MAIL_READ,INF_VPN_READ,SYS_AUDIT_PORTAL_READ,SYS_CONFLUENCE_READ,SYS_GRC_READ,SYS_JIRA_READ,SYS_POLICY_MGMT_READ,SYS_TIMESHEET_WRITE;Internal;2026-02-15T19:49:25Z;matteo.barbieri@bip.internal;Stefano Maffei
Matteo Marino;matteo.marino;Strategy & Transformation;Strategy Consultant;BIP_CLIENT_STEERCO,BIP_STRATEGY_CORE,INF_MAIL_READ,INF_VPN_READ,SYS_CLIENT_PORTAL_WRITE,SYS_CONFLUENCE_READ,SYS_JIRA_READ,SYS_POWERBI_READ,SYS_SHAREPOINT_READ,SYS_TIMESHEET_WRITE;Internal;2025-12-20T17:22:25Z;matteo.marino@bip.internal;Gianluca Leone
Matteo Colombo;matteo.colombo;ERP & SAP;SAP Consultant;BIP_SAP_CORE,INF_MAIL_READ,INF_VPN_READ,SYS_CONFLUENCE_READ,SYS_CONFLUENCE_WRITE,SYS_JIRA_READ,SYS_SAP_S4_READ,SYS_SIGNAVIO_READ,SYS_TIMESHEET_WRITE;Administrative;2025-10-17T07:35:25Z;matteo.colombo@bip.internal;Micol Marani
Matteo Longo;matteo.longo;Data & AI;Data Consultant;BIP_DATA_CORE,INF_MAIL_READ,INF_VPN_READ,SYS_CONFLUENCE_READ,SYS_DATABRICKS_READ,SYS_JIRA_READ,SYS_POWERBI_WRITE,SYS_SNOWFLAKE_READ,SYS_TIMESHEET_WRITE;Internal;2025-11-08T21:38:25Z;matteo.longo@bip.internal;Salvatore Apicella
Matteo Mancini;matteo.mancini;Cybersecurity;Cybersecurity Consultant;BIP_CYBER_CORE,INF_MAIL_READ,INF_VPN_READ,SYS_CONFLUENCE_READ,SYS_IAM_AUDIT,SYS_JIRA_READ,SYS_SIEM_READ,SYS_TIMESHEET_WRITE,SYS_VULN_MGMT_READ;Internal;2025-11-13T22:24:25Z;matteo.mancini@bip.internal;Stefano Maffei
Matteo Ferrari;matteo.ferrari;Cloud & DevOps;Cloud Consultant;BIP_CLOUD_CORE,INF_MAIL_READ,INF_VPN_READ,SYS_AWS_READ,SYS_AZURE_READ,SYS_CONFLUENCE_READ,SYS_GITHUB_READ,SYS_JIRA_READ,SYS_TIMESHEET_WRITE;Internal;2025-12-13T08:30:25Z;matteo.ferrari@bip.internal;Gianluca Leone
Matteo Martinelli;matteo.martinelli;PMO & Governance;PMO Consultant;BIP_PMO_CORE,BIP_PMO_LEAD,INF_MAIL_READ,INF_VPN_READ,SYS_CONFLUENCE_READ,SYS_JIRA_ADMIN,SYS_JIRA_READ,SYS_MSPROJECT_READ,SYS_SHAREPOINT_WRITE,SYS_TIMESHEET_WRITE;Internal;2025-11-02T00:02:25Z;matteo.martinelli@bip.internal;Micol Marani
Matteo Vitale;matteo.vitale;Finance Advisory;Finance Consultant;BIP_FINANCE_CORE,INF_MAIL_READ,INF_VPN_READ,SYS_CONFLUENCE_READ,SYS_ERP_FIN_READ,SYS_JIRA_READ,SYS_POWERBI_READ,SYS_TIMESHEET_WRITE;Internal;2025-09-29T01:03:25Z;matteo.vitale@bip.internal;Salvatore Apicella
Matteo Caruso;matteo.caruso;HR & Change;HR Change Consultant;BIP_HR_CORE,INF_MAIL_READ,INF_VPN_READ,SYS_CONFLUENCE_READ,SYS_CONFLUENCE_WRITE,SYS_JIRA_READ,SYS_LMS_READ,SYS_TIMESHEET_WRITE,SYS_WORKDAY_READ;External;2025-10-17T18:36:25Z;matteo.caruso@bip.internal;Stefano Maffei
Matteo Serra;matteo.serra;Application Modernization;App Modernization Consultant;BIP_APPMOD_CORE,INF_MAIL_READ,INF_VPN_READ,SYS_AZURE_DEVOPS_WRITE,SYS_CONFLUENCE_READ,SYS_GITHUB_WRITE,SYS_JIRA_READ,SYS_TIMESHEET_WRITE;Internal;2025-12-05T16:45:25Z;matteo.serra@bip.internal;Gianluca Leone
Matteo Palumbo;matteo.palumbo;Risk & Compliance;Risk Consultant;BIP_RISK_CORE,INF_MAIL_READ,INF_SECRETS_READ,INF_VPN_READ,SYS_AUDIT_PORTAL_READ,SYS_CONFLUENCE_READ,SYS_GRC_READ,SYS_JIRA_READ,SYS_POLICY_MGMT_READ,SYS_TIMESHEET_WRITE;Internal;2025-09-22T23:14:25Z;matteo.palumbo@bip.internal;Micol Marani
Matteo Sanna;matteo.sanna;Strategy & Transformation;Strategy Consultant;BIP_CLIENT_STEERCO,BIP_STRATEGY_CORE,INF_MAIL_READ,INF_VPN_READ,SYS_CONFLUENCE_READ,SYS_JIRA_READ,SYS_POWERBI_READ,SYS_SHAREPOINT_READ,SYS_TIMESHEET_WRITE;Internal;2026-02-02T23:28:25Z;matteo.sanna@bip.internal;Salvatore Apicella
Matteo Neri;matteo.neri;ERP & SAP;SAP Consultant;BIP_SAP_CORE,INF_MAIL_READ,INF_VPN_READ,SYS_CLIENT_PORTAL_WRITE,SYS_CONFLUENCE_READ,SYS_CONFLUENCE_WRITE,SYS_JIRA_READ,SYS_SAP_S4_READ,SYS_SIGNAVIO_READ,SYS_TIMESHEET_WRITE;Internal;2026-02-04T21:11:25Z;matteo.neri@bip.internal;Stefano Maffei
Matteo Ferrara;matteo.ferrara;Data & AI;Data Consultant;BIP_DATA_CORE,INF_MAIL_READ,INF_VPN_READ,SYS_CONFLUENCE_READ,SYS_DATABRICKS_READ,SYS_JIRA_READ,SYS_POWERBI_WRITE,SYS_SNOWFLAKE_READ,SYS_TIMESHEET_WRITE;Internal;2025-10-19T05:50:25Z;matteo.ferrara@bip.internal;Gianluca Leone
Matteo De Luca;matteo.de.luca;Cybersecurity;Cybersecurity Consultant;BIP_CYBER_CORE,INF_IAM_ADMIN,INF_MAIL_READ,INF_VPN_READ,SYS_CONFLUENCE_READ,SYS_IAM_AUDIT,SYS_JIRA_READ,SYS_SIEM_READ,SYS_TIMESHEET_WRITE,SYS_VULN_MGMT_READ;Internal;2025-10-06T17:45:25Z;matteo.de.luca@bip.internal;Micol Marani
Matteo Moretti;matteo.moretti;Cloud & DevOps;Cloud Consultant;BIP_CLOUD_CORE,INF_MAIL_READ,INF_VPN_READ,SYS_AWS_READ,SYS_AZURE_READ,SYS_CONFLUENCE_READ,SYS_GITHUB_READ,SYS_JIRA_READ,SYS_TIMESHEET_WRITE;Internal;2025-10-11T19:54:25Z;matteo.moretti@bip.internal;Salvatore Apicella
Matteo Parisi;matteo.parisi;PMO & Governance;PMO Consultant;BIP_PMO_CORE,INF_MAIL_READ,INF_VPN_READ,SYS_CONFLUENCE_READ,SYS_JIRA_ADMIN,SYS_JIRA_READ,SYS_MSPROJECT_READ,SYS_SHAREPOINT_WRITE,SYS_TIMESHEET_WRITE;Internal;2026-01-02T20:10:25Z;matteo.parisi@bip.internal;Stefano Maffei
Matteo Giordano;matteo.giordano;Finance Advisory;Finance Consultant;BIP_FINANCE_CORE,INF_MAIL_READ,INF_VPN_READ,SYS_CONFLUENCE_READ,SYS_ERP_FIN_READ,SYS_JIRA_READ,SYS_POWERBI_READ,SYS_TIMESHEET_WRITE;External;2026-02-01T00:53:25Z;matteo.giordano@bip.internal;Gianluca Leone
Matteo Pellegrini;matteo.pellegrini;HR & Change;HR Change Consultant;BIP_HR_CORE,INF_MAIL_READ,INF_VPN_READ,SYS_CONFLUENCE_READ,SYS_CONFLUENCE_WRITE,SYS_JIRA_READ,SYS_LMS_READ,SYS_TIMESHEET_WRITE,SYS_WORKDAY_READ;Internal;2025-12-20T10:41:25Z;matteo.pellegrini@bip.internal;Micol Marani
Davide Rossi;davide.rossi;Application Modernization;App Modernization Consultant;BIP_APPMOD_CORE,INF_MAIL_READ,INF_VPN_READ,SYS_AZURE_DEVOPS_WRITE,SYS_CONFLUENCE_READ,SYS_GITHUB_WRITE,SYS_JIRA_READ,SYS_TIMESHEET_WRITE;Internal;2025-09-26T15:11:25Z;davide.rossi@bip.internal;Salvatore Apicella
Davide Bianchi;davide.bianchi;Risk & Compliance;Risk Consultant;BIP_RISK_CORE,INF_MAIL_READ,INF_VPN_READ,SYS_AUDIT_PORTAL_READ,SYS_CONFLUENCE_READ,SYS_GRC_READ,SYS_JIRA_READ,SYS_POLICY_MGMT_READ,SYS_TIMESHEET_WRITE;Internal;2025-09-19T21:09:25Z;davide.bianchi@bip.internal;Stefano Maffei
Davide Esposito;davide.esposito;Strategy & Transformation;Strategy Consultant;BIP_CLIENT_STEERCO,BIP_STRATEGY_CORE,INF_MAIL_READ,INF_VPN_READ,SYS_CONFLUENCE_READ,SYS_JIRA_READ,SYS_POWERBI_READ,SYS_SHAREPOINT_READ,SYS_TIMESHEET_WRITE;Internal;2026-01-29T09:06:25Z;davide.esposito@bip.internal;Gianluca Leone
Davide Romano;davide.romano;ERP & SAP;SAP Consultant;BIP_SAP_CORE,INF_MAIL_READ,INF_VPN_READ,SYS_CONFLUENCE_READ,SYS_CONFLUENCE_WRITE,SYS_JIRA_READ,SYS_SAP_S4_READ,SYS_SIGNAVIO_READ,SYS_TIMESHEET_WRITE;Internal;2025-09-22T04:15:25Z;davide.romano@bip.internal;Micol Marani
Davide Gallo;davide.gallo;Data & AI;Data Consultant;BIP_DATA_CORE,INF_MAIL_READ,INF_VPN_READ,SYS_CLIENT_PORTAL_WRITE,SYS_CONFLUENCE_READ,SYS_DATABRICKS_READ,SYS_JIRA_READ,SYS_POWERBI_WRITE,SYS_SNOWFLAKE_READ,SYS_TIMESHEET_WRITE;Internal;2025-11-30T14:35:25Z;davide.gallo@bip.internal;Salvatore Apicella
Davide Costa;davide.costa;Cybersecurity;Cybersecurity Consultant;BIP_CYBER_CORE,INF_MAIL_READ,INF_VPN_READ,SYS_CONFLUENCE_READ,SYS_IAM_AUDIT,SYS_JIRA_READ,SYS_SIEM_READ,SYS_TIMESHEET_WRITE,SYS_VULN_MGMT_READ;Internal;2025-08-31T00:28:25Z;davide.costa@bip.internal;Stefano Maffei
Davide Fontana;davide.fontana;Cloud & DevOps;Cloud Consultant;BIP_CLOUD_CORE,INF_MAIL_READ,INF_VPN_READ,SYS_AWS_READ,SYS_AZURE_READ,SYS_CONFLUENCE_READ,SYS_GITHUB_READ,SYS_JIRA_READ,SYS_TIMESHEET_WRITE;Internal;2025-12-19T14:23:25Z;davide.fontana@bip.internal;Gianluca Leone
Davide Rinaldi;davide.rinaldi;PMO & Governance;PMO Consultant;BIP_PMO_CORE,INF_MAIL_READ,INF_VPN_READ,SYS_CONFLUENCE_READ,SYS_JIRA_ADMIN,SYS_JIRA_READ,SYS_MSPROJECT_READ,SYS_SHAREPOINT_WRITE,SYS_TIMESHEET_WRITE;External;2026-01-16T01:07:25Z;davide.rinaldi@bip.internal;Micol Marani
Davide Greco;davide.greco;Finance Advisory;Finance Consultant;BIP_FINANCE_CORE,INF_MAIL_READ,INF_SECRETS_READ,INF_VPN_READ,SYS_CONFLUENCE_READ,SYS_ERP_FIN_READ,SYS_JIRA_READ,SYS_POWERBI_READ,SYS_TIMESHEET_WRITE;Internal;2025-12-04T08:28:25Z;davide.greco@bip.internal;Salvatore Apicella
Davide Conti;davide.conti;HR & Change;HR Change Consultant;BIP_HR_CORE,INF_MAIL_READ,INF_VPN_READ,SYS_CONFLUENCE_READ,SYS_CONFLUENCE_WRITE,SYS_JIRA_READ,SYS_LMS_READ,SYS_TIMESHEET_WRITE,SYS_WORKDAY_READ;Internal;2026-01-31T22:19:25Z;davide.conti@bip.internal;Stefano Maffei
Davide Lombardi;davide.lombardi;Application Modernization;App Modernization Consultant;BIP_APPMOD_CORE,BIP_APPMOD_LEAD,INF_MAIL_READ,INF_VPN_READ,SYS_AZURE_DEVOPS_WRITE,SYS_CONFLUENCE_READ,SYS_GITHUB_WRITE,SYS_JIRA_READ,SYS_TIMESHEET_WRITE;Internal;2025-09-12T04:42:25Z;davide.lombardi@bip.internal;Gianluca Leone
Davide Barbieri;davide.barbieri;Risk & Compliance;Risk Consultant;BIP_RISK_CORE,INF_MAIL_READ,INF_VPN_READ,SYS_AUDIT_PORTAL_READ,SYS_CONFLUENCE_READ,SYS_GRC_READ,SYS_JIRA_READ,SYS_POLICY_MGMT_READ,SYS_TIMESHEET_WRITE;Internal;2026-01-31T05:35:25Z;davide.barbieri@bip.internal;Micol Marani
Davide Marino;davide.marino;Strategy & Transformation;Strategy Consultant;BIP_CLIENT_STEERCO,BIP_STRATEGY_CORE,INF_MAIL_READ,INF_VPN_READ,SYS_CONFLUENCE_READ,SYS_JIRA_READ,SYS_POWERBI_READ,SYS_SHAREPOINT_READ,SYS_TIMESHEET_WRITE;Internal;2025-10-12T14:40:25Z;davide.marino@bip.internal;Salvatore Apicella
Davide Colombo;davide.colombo;ERP & SAP;SAP Consultant;BIP_SAP_CORE,INF_MAIL_READ,INF_VPN_READ,SYS_CONFLUENCE_READ,SYS_CONFLUENCE_WRITE,SYS_JIRA_READ,SYS_SAP_S4_READ,SYS_SIGNAVIO_READ,SYS_TIMESHEET_WRITE;Internal;2025-11-21T19:52:25Z;davide.colombo@bip.internal;Stefano Maffei
Davide Longo;davide.longo;Data & AI;Data Consultant;BIP_DATA_CORE,INF_MAIL_READ,INF_VPN_READ,SYS_CONFLUENCE_READ,SYS_DATABRICKS_READ,SYS_JIRA_READ,SYS_POWERBI_WRITE,SYS_SNOWFLAKE_READ,SYS_TIMESHEET_WRITE;Internal;2025-12-18T11:30:25Z;davide.longo@bip.internal;Gianluca Leone
Davide Mancini;davide.mancini;Cybersecurity;Cybersecurity Consultant;BIP_CYBER_CORE,INF_MAIL_READ,INF_VPN_READ,SYS_CLIENT_PORTAL_WRITE,SYS_CONFLUENCE_READ,SYS_IAM_AUDIT,SYS_JIRA_READ,SYS_SIEM_READ,SYS_TIMESHEET_WRITE,SYS_VULN_MGMT_READ;Internal;2026-01-09T07:55:25Z;davide.mancini@bip.internal;Micol Marani
Davide Ferrari;davide.ferrari;Cloud & DevOps;Cloud Consultant;BIP_CLOUD_CORE,INF_MAIL_READ,INF_VPN_READ,SYS_AWS_READ,SYS_AZURE_READ,SYS_CONFLUENCE_READ,SYS_GITHUB_READ,SYS_JIRA_READ,SYS_TIMESHEET_WRITE;External;2025-10-02T00:29:25Z;davide.ferrari@bip.internal;Salvatore Apicella
Davide Martinelli;davide.martinelli;PMO & Governance;PMO Consultant;BIP_PMO_CORE,INF_MAIL_READ,INF_VPN_READ,SYS_CONFLUENCE_READ,SYS_JIRA_ADMIN,SYS_JIRA_READ,SYS_MSPROJECT_READ,SYS_SHAREPOINT_WRITE,SYS_TIMESHEET_WRITE;Internal;2025-09-15T02:15:25Z;davide.martinelli@bip.internal;Stefano Maffei
Davide Vitale;davide.vitale;Finance Advisory;Finance Consultant;BIP_FINANCE_CORE,INF_MAIL_READ,INF_VPN_READ,SYS_CONFLUENCE_READ,SYS_ERP_FIN_READ,SYS_JIRA_READ,SYS_POWERBI_READ,SYS_TIMESHEET_WRITE;Internal;2026-02-16T00:56:25Z;davide.vitale@bip.internal;Gianluca Leone
Davide Caruso;davide.caruso;HR & Change;HR Change Consultant;BIP_HR_CORE,INF_MAIL_READ,INF_VPN_READ,SYS_CONFLUENCE_READ,SYS_CONFLUENCE_WRITE,SYS_JIRA_READ,SYS_LMS_READ,SYS_TIMESHEET_WRITE,SYS_WORKDAY_READ;Internal;2025-09-30T12:49:25Z;davide.caruso@bip.internal;Micol Marani
Davide Serra;davide.serra;Application Modernization;App Modernization Consultant;BIP_APPMOD_CORE,INF_MAIL_READ,INF_VPN_READ,SYS_AZURE_DEVOPS_WRITE,SYS_CONFLUENCE_READ,SYS_GITHUB_WRITE,SYS_JIRA_READ,SYS_TIMESHEET_WRITE;Administrative;2025-09-02T18:52:25Z;davide.serra@bip.internal;Salvatore Apicella
Davide Palumbo;davide.palumbo;Risk & Compliance;Risk Consultant;BIP_RISK_CORE,INF_MAIL_READ,INF_VPN_READ,SYS_AUDIT_PORTAL_READ,SYS_CONFLUENCE_READ,SYS_GRC_READ,SYS_JIRA_READ,SYS_POLICY_MGMT_READ,SYS_TIMESHEET_WRITE;Internal;2026-01-15T14:41:25Z;davide.palumbo@bip.internal;Stefano Maffei
Davide Sanna;davide.sanna;Strategy & Transformation;Strategy Consultant;BIP_CLIENT_STEERCO,BIP_STRATEGY_CORE,INF_MAIL_READ,INF_VPN_READ,SYS_CONFLUENCE_READ,SYS_JIRA_READ,SYS_POWERBI_READ,SYS_SHAREPOINT_READ,SYS_TIMESHEET_WRITE;Internal;2026-01-21T23:13:25Z;davide.sanna@bip.internal;Gianluca Leone
Davide Neri;davide.neri;ERP & SAP;SAP Consultant;BIP_SAP_CORE,INF_MAIL_READ,INF_VPN_READ,SYS_CONFLUENCE_READ,SYS_CONFLUENCE_WRITE,SYS_JIRA_READ,SYS_SAP_S4_READ,SYS_SIGNAVIO_READ,SYS_TIMESHEET_WRITE;Internal;2026-01-10T14:30:25Z;davide.neri@bip.internal;Micol Marani
Davide Ferrara;davide.ferrara;Data & AI;Data Consultant;BIP_DATA_CORE,INF_MAIL_READ,INF_VPN_READ,SYS_CONFLUENCE_READ,SYS_DATABRICKS_READ,SYS_JIRA_READ,SYS_POWERBI_WRITE,SYS_SNOWFLAKE_READ,SYS_TIMESHEET_WRITE;Internal;2025-09-17T16:03:25Z;davide.ferrara@bip.internal;Salvatore Apicella
Davide De Luca;davide.de.luca;Cybersecurity;Cybersecurity Consultant;BIP_CYBER_CORE,INF_MAIL_READ,INF_SECRETS_READ,INF_VPN_READ,SYS_CONFLUENCE_READ,SYS_IAM_AUDIT,SYS_JIRA_READ,SYS_SIEM_READ,SYS_TIMESHEET_WRITE,SYS_VULN_MGMT_READ;External;2025-11-23T16:05:25Z;davide.de.luca@bip.internal;Stefano Maffei
Davide Moretti;davide.moretti;Cloud & DevOps;Cloud Consultant;BIP_CLOUD_CORE,INF_MAIL_READ,INF_VPN_READ,SYS_AWS_READ,SYS_AZURE_READ,SYS_CLIENT_PORTAL_WRITE,SYS_CONFLUENCE_READ,SYS_GITHUB_READ,SYS_JIRA_READ,SYS_TIMESHEET_WRITE;Internal;2025-09-09T14:16:25Z;davide.moretti@bip.internal;Gianluca Leone
Davide Parisi;davide.parisi;PMO & Governance;PMO Consultant;BIP_PMO_CORE,INF_MAIL_READ,INF_VPN_READ,SYS_CONFLUENCE_READ,SYS_JIRA_ADMIN,SYS_JIRA_READ,SYS_MSPROJECT_READ,SYS_SHAREPOINT_WRITE,SYS_TIMESHEET_WRITE;Internal;2025-10-16T13:51:25Z;davide.parisi@bip.internal;Micol Marani
Davide Giordano;davide.giordano;Finance Advisory;Finance Consultant;BIP_FINANCE_CORE,INF_MAIL_READ,INF_VPN_READ,SYS_CONFLUENCE_READ,SYS_ERP_FIN_READ,SYS_JIRA_READ,SYS_POWERBI_READ,SYS_TIMESHEET_WRITE;Internal;2026-02-05T20:08:25Z;davide.giordano@bip.internal;Salvatore Apicella
Davide Pellegrini;davide.pellegrini;HR & Change;HR Change Consultant;BIP_HR_CORE,INF_MAIL_READ,INF_VPN_READ,SYS_CONFLUENCE_READ,SYS_CONFLUENCE_WRITE,SYS_JIRA_READ,SYS_LMS_READ,SYS_TIMESHEET_WRITE,SYS_WORKDAY_READ;Internal;2025-11-02T14:46:25Z;davide.pellegrini@bip.internal;Stefano Maffei
Andrea Rossi;andrea.rossi;Application Modernization;App Modernization Consultant;BIP_APPMOD_CORE,INF_MAIL_READ,INF_VPN_READ,SYS_AZURE_DEVOPS_WRITE,SYS_CONFLUENCE_READ,SYS_GITHUB_WRITE,SYS_JIRA_READ,SYS_TIMESHEET_WRITE;Internal;2026-02-18T11:59:25Z;andrea.rossi@bip.internal;Gianluca Leone
Andrea Bianchi;andrea.bianchi;Risk & Compliance;Risk Consultant;BIP_RISK_CORE,INF_MAIL_READ,INF_VPN_READ,SYS_AUDIT_PORTAL_READ,SYS_CONFLUENCE_READ,SYS_GRC_READ,SYS_JIRA_READ,SYS_POLICY_MGMT_READ,SYS_TIMESHEET_WRITE;Internal;2026-01-16T02:32:25Z;andrea.bianchi@bip.internal;Micol Marani
Andrea Esposito;andrea.esposito;Strategy & Transformation;Strategy Consultant;BIP_CLIENT_STEERCO,BIP_STRATEGY_CORE,INF_MAIL_READ,INF_VPN_READ,SYS_CONFLUENCE_READ,SYS_JIRA_READ,SYS_POWERBI_READ,SYS_SHAREPOINT_READ,SYS_TIMESHEET_WRITE;Internal;2026-01-07T23:20:25Z;andrea.esposito@bip.internal;Salvatore Apicella
Andrea Romano;andrea.romano;ERP & SAP;SAP Consultant;BIP_SAP_CORE,BIP_SAP_LEAD,INF_MAIL_READ,INF_VPN_READ,SYS_CONFLUENCE_READ,SYS_CONFLUENCE_WRITE,SYS_JIRA_READ,SYS_SAP_S4_READ,SYS_SIGNAVIO_READ,SYS_TIMESHEET_WRITE;Internal;2025-09-30T00:21:25Z;andrea.romano@bip.internal;Stefano Maffei
Andrea Gallo;andrea.gallo;Data & AI;Data Consultant;BIP_DATA_CORE,INF_MAIL_READ,INF_VPN_READ,SYS_CONFLUENCE_READ,SYS_DATABRICKS_READ,SYS_JIRA_READ,SYS_POWERBI_WRITE,SYS_SNOWFLAKE_READ,SYS_TIMESHEET_WRITE;External;2025-09-28T22:41:25Z;andrea.gallo@bip.internal;Gianluca Leone
Andrea Costa;andrea.costa;Cybersecurity;Cybersecurity Consultant;BIP_CYBER_CORE,INF_MAIL_READ,INF_VPN_READ,SYS_CONFLUENCE_READ,SYS_IAM_AUDIT,SYS_JIRA_READ,SYS_SIEM_READ,SYS_TIMESHEET_WRITE,SYS_VULN_MGMT_READ;Internal;2026-01-29T23:51:25Z;andrea.costa@bip.internal;Micol Marani
Andrea Fontana;andrea.fontana;Cloud & DevOps;Cloud Consultant;BIP_CLOUD_CORE,INF_IAM_ADMIN,INF_MAIL_READ,INF_VPN_READ,SYS_AWS_READ,SYS_AZURE_READ,SYS_CONFLUENCE_READ,SYS_GITHUB_READ,SYS_JIRA_READ,SYS_TIMESHEET_WRITE;Internal;2026-01-11T05:46:25Z;andrea.fontana@bip.internal;Salvatore Apicella
Andrea Rinaldi;andrea.rinaldi;PMO & Governance;PMO Consultant;BIP_PMO_CORE,INF_MAIL_READ,INF_VPN_READ,SYS_CLIENT_PORTAL_WRITE,SYS_CONFLUENCE_READ,SYS_JIRA_ADMIN,SYS_JIRA_READ,SYS_MSPROJECT_READ,SYS_SHAREPOINT_WRITE,SYS_TIMESHEET_WRITE;Internal;2025-11-16T04:13:25Z;andrea.rinaldi@bip.internal;Stefano Maffei
Andrea Greco;andrea.greco;Finance Advisory;Finance Consultant;BIP_FINANCE_CORE,INF_MAIL_READ,INF_VPN_READ,SYS_CONFLUENCE_READ,SYS_ERP_FIN_READ,SYS_JIRA_READ,SYS_POWERBI_READ,SYS_TIMESHEET_WRITE;Internal;2026-01-12T09:40:25Z;andrea.greco@bip.internal;Gianluca Leone
Andrea Conti;andrea.conti;HR & Change;HR Change Consultant;BIP_HR_CORE,INF_MAIL_READ,INF_VPN_READ,SYS_CONFLUENCE_READ,SYS_CONFLUENCE_WRITE,SYS_JIRA_READ,SYS_LMS_READ,SYS_TIMESHEET_WRITE,SYS_WORKDAY_READ;Internal;2026-02-08T13:25:25Z;andrea.conti@bip.internal;Micol Marani
Andrea Lombardi;andrea.lombardi;Application Modernization;App Modernization Consultant;BIP_APPMOD_CORE,INF_MAIL_READ,INF_VPN_READ,SYS_AZURE_DEVOPS_WRITE,SYS_CONFLUENCE_READ,SYS_GITHUB_WRITE,SYS_JIRA_READ,SYS_TIMESHEET_WRITE;Internal;2026-02-08T11:35:25Z;andrea.lombardi@bip.internal;Salvatore Apicella
Andrea Barbieri;andrea.barbieri;Risk & Compliance;Risk Consultant;BIP_RISK_CORE,INF_MAIL_READ,INF_VPN_READ,SYS_AUDIT_PORTAL_READ,SYS_CONFLUENCE_READ,SYS_GRC_READ,SYS_JIRA_READ,SYS_POLICY_MGMT_READ,SYS_TIMESHEET_WRITE;Internal;2025-08-28T15:06:25Z;andrea.barbieri@bip.internal;Stefano Maffei
Andrea Marino;andrea.marino;Strategy & Transformation;Strategy Consultant;BIP_CLIENT_STEERCO,BIP_STRATEGY_CORE,INF_MAIL_READ,INF_SECRETS_READ,INF_VPN_READ,SYS_CONFLUENCE_READ,SYS_JIRA_READ,SYS_POWERBI_READ,SYS_SHAREPOINT_READ,SYS_TIMESHEET_WRITE;Internal;2026-01-23T10:59:25Z;andrea.marino@bip.internal;Gianluca Leone
Andrea Colombo;andrea.colombo;ERP & SAP;SAP Consultant;BIP_SAP_CORE,INF_MAIL_READ,INF_VPN_READ,SYS_CONFLUENCE_READ,SYS_CONFLUENCE_WRITE,SYS_JIRA_READ,SYS_SAP_S4_READ,SYS_SIGNAVIO_READ,SYS_TIMESHEET_WRITE;External;2025-09-28T09:09:25Z;andrea.colombo@bip.internal;Micol Marani
Andrea Longo;andrea.longo;Data & AI;Data Consultant;BIP_DATA_CORE,INF_MAIL_READ,INF_VPN_READ,SYS_CONFLUENCE_READ,SYS_DATABRICKS_READ,SYS_JIRA_READ,SYS_POWERBI_WRITE,SYS_SNOWFLAKE_READ,SYS_TIMESHEET_WRITE;Internal;2026-01-10T14:53:25Z;andrea.longo@bip.internal;Salvatore Apicella
Andrea Mancini;andrea.mancini;Cybersecurity;Cybersecurity Consultant;BIP_CYBER_CORE,INF_MAIL_READ,INF_VPN_READ,SYS_CONFLUENCE_READ,SYS_IAM_AUDIT,SYS_JIRA_READ,SYS_SIEM_READ,SYS_TIMESHEET_WRITE,SYS_VULN_MGMT_READ;Internal;2026-01-08T16:52:25Z;andrea.mancini@bip.internal;Stefano Maffei
Andrea Ferrari;andrea.ferrari;Cloud & DevOps;Cloud Consultant;BIP_CLOUD_CORE,INF_MAIL_READ,INF_VPN_READ,SYS_AWS_READ,SYS_AZURE_READ,SYS_CONFLUENCE_READ,SYS_GITHUB_READ,SYS_JIRA_READ,SYS_TIMESHEET_WRITE;Internal;2025-11-05T22:37:25Z;andrea.ferrari@bip.internal;Gianluca Leone
Andrea Martinelli;andrea.martinelli;PMO & Governance;PMO Consultant;BIP_PMO_CORE,INF_MAIL_READ,INF_VPN_READ,SYS_CONFLUENCE_READ,SYS_JIRA_ADMIN,SYS_JIRA_READ,SYS_MSPROJECT_READ,SYS_SHAREPOINT_WRITE,SYS_TIMESHEET_WRITE;Internal;2025-11-25T08:57:25Z;andrea.martinelli@bip.internal;Micol Marani
Andrea Vitale;andrea.vitale;Finance Advisory;Finance Consultant;BIP_FINANCE_CORE,INF_MAIL_READ,INF_VPN_READ,SYS_CLIENT_PORTAL_WRITE,SYS_CONFLUENCE_READ,SYS_ERP_FIN_READ,SYS_JIRA_READ,SYS_POWERBI_READ,SYS_TIMESHEET_WRITE;Internal;2025-08-30T22:57:25Z;andrea.vitale@bip.internal;Salvatore Apicella
Andrea Caruso;andrea.caruso;HR & Change;HR Change Consultant;BIP_HR_CORE,INF_MAIL_READ,INF_VPN_READ,SYS_CONFLUENCE_READ,SYS_CONFLUENCE_WRITE,SYS_JIRA_READ,SYS_LMS_READ,SYS_TIMESHEET_WRITE,SYS_WORKDAY_READ;Internal;2025-12-17T14:38:25Z;andrea.caruso@bip.internal;Stefano Maffei
Andrea Serra;andrea.serra;Application Modernization;App Modernization Consultant;BIP_APPMOD_CORE,INF_MAIL_READ,INF_VPN_READ,SYS_AZURE_DEVOPS_WRITE,SYS_CONFLUENCE_READ,SYS_GITHUB_WRITE,SYS_JIRA_READ,SYS_TIMESHEET_WRITE;Internal;2025-08-23T19:24:25Z;andrea.serra@bip.internal;Gianluca Leone
Andrea Palumbo;andrea.palumbo;Risk & Compliance;Risk Consultant;BIP_RISK_CORE,INF_MAIL_READ,INF_VPN_READ,SYS_AUDIT_PORTAL_READ,SYS_CONFLUENCE_READ,SYS_GRC_READ,SYS_JIRA_READ,SYS_POLICY_MGMT_READ,SYS_TIMESHEET_WRITE;Internal;2026-02-09T07:34:25Z;andrea.palumbo@bip.internal;Micol Marani
Andrea Sanna;andrea.sanna;Strategy & Transformation;Strategy Consultant;BIP_CLIENT_STEERCO,BIP_STRATEGY_CORE,INF_MAIL_READ,INF_VPN_READ,SYS_CONFLUENCE_READ,SYS_JIRA_READ,SYS_POWERBI_READ,SYS_SHAREPOINT_READ,SYS_TIMESHEET_WRITE;External;2025-12-29T08:26:25Z;andrea.sanna@bip.internal;Salvatore Apicella
Andrea Neri;andrea.neri;ERP & SAP;SAP Consultant;BIP_SAP_CORE,INF_MAIL_READ,INF_VPN_READ,SYS_CONFLUENCE_READ,SYS_CONFLUENCE_WRITE,SYS_JIRA_READ,SYS_SAP_S4_READ,SYS_SIGNAVIO_READ,SYS_TIMESHEET_WRITE;Internal;2025-12-02T15:34:25Z;andrea.neri@bip.internal;Stefano Maffei
Andrea Ferrara;andrea.ferrara;Data & AI;Data Consultant;BIP_DATA_CORE,INF_MAIL_READ,INF_VPN_READ,SYS_CONFLUENCE_READ,SYS_DATABRICKS_READ,SYS_JIRA_READ,SYS_POWERBI_WRITE,SYS_SNOWFLAKE_READ,SYS_TIMESHEET_WRITE;Internal;2026-02-12T01:36:25Z;andrea.ferrara@bip.internal;Gianluca Leone
Andrea De Luca;andrea.de.luca;Cybersecurity;Cybersecurity Consultant;BIP_CYBER_CORE,INF_MAIL_READ,INF_VPN_READ,SYS_CONFLUENCE_READ,SYS_IAM_AUDIT,SYS_JIRA_READ,SYS_SIEM_READ,SYS_TIMESHEET_WRITE,SYS_VULN_MGMT_READ;Internal;2025-11-08T12:31:25Z;andrea.de.luca@bip.internal;Micol Marani
Andrea Moretti;andrea.moretti;Cloud & DevOps;Cloud Consultant;BIP_CLOUD_CORE,BIP_CLOUD_LEAD,INF_MAIL_READ,INF_VPN_READ,SYS_AWS_READ,SYS_AZURE_READ,SYS_CONFLUENCE_READ,SYS_GITHUB_READ,SYS_JIRA_READ,SYS_TIMESHEET_WRITE;Internal;2026-02-01T14:26:25Z;andrea.moretti@bip.internal;Salvatore Apicella
Andrea Parisi;andrea.parisi;PMO & Governance;PMO Consultant;BIP_PMO_CORE,INF_MAIL_READ,INF_VPN_READ,SYS_CONFLUENCE_READ,SYS_JIRA_ADMIN,SYS_JIRA_READ,SYS_MSPROJECT_READ,SYS_SHAREPOINT_WRITE,SYS_TIMESHEET_WRITE;Administrative;2025-09-07T06:23:25Z;andrea.parisi@bip.internal;Stefano Maffei
Andrea Giordano;andrea.giordano;Finance Advisory;Finance Consultant;BIP_FINANCE_CORE,INF_MAIL_READ,INF_VPN_READ,SYS_CONFLUENCE_READ,SYS_ERP_FIN_READ,SYS_JIRA_READ,SYS_POWERBI_READ,SYS_TIMESHEET_WRITE;Internal;2025-08-29T05:27:25Z;andrea.giordano@bip.internal;Gianluca Leone
Andrea Pellegrini;andrea.pellegrini;HR & Change;HR Change Consultant;BIP_HR_CORE,INF_MAIL_READ,INF_SECRETS_READ,INF_VPN_READ,SYS_CLIENT_PORTAL_WRITE,SYS_CONFLUENCE_READ,SYS_CONFLUENCE_WRITE,SYS_JIRA_READ,SYS_LMS_READ,SYS_TIMESHEET_WRITE,SYS_WORKDAY_READ;Internal;2026-02-11T18:52:25Z;andrea.pellegrini@bip.internal;Micol Marani
Francesco Rossi;francesco.rossi;Application Modernization;App Modernization Consultant;BIP_APPMOD_CORE,INF_MAIL_READ,INF_VPN_READ,SYS_AZURE_DEVOPS_WRITE,SYS_CONFLUENCE_READ,SYS_GITHUB_WRITE,SYS_JIRA_READ,SYS_TIMESHEET_WRITE;Internal;2025-12-14T17:11:25Z;francesco.rossi@bip.internal;Salvatore Apicella
Francesco Bianchi;francesco.bianchi;Risk & Compliance;Risk Consultant;BIP_RISK_CORE,INF_MAIL_READ,INF_VPN_READ,SYS_AUDIT_PORTAL_READ,SYS_CONFLUENCE_READ,SYS_GRC_READ,SYS_JIRA_READ,SYS_POLICY_MGMT_READ,SYS_TIMESHEET_WRITE;External;2025-12-13T21:42:25Z;francesco.bianchi@bip.internal;Stefano Maffei
Francesco Esposito;francesco.esposito;Strategy & Transformation;Strategy Consultant;BIP_CLIENT_STEERCO,BIP_STRATEGY_CORE,INF_MAIL_READ,INF_VPN_READ,SYS_CONFLUENCE_READ,SYS_JIRA_READ,SYS_POWERBI_READ,SYS_SHAREPOINT_READ,SYS_TIMESHEET_WRITE;Internal;2025-09-19T09:26:25Z;francesco.esposito@bip.internal;Gianluca Leone
Francesco Romano;francesco.romano;ERP & SAP;SAP Consultant;BIP_SAP_CORE,INF_MAIL_READ,INF_VPN_READ,SYS_CONFLUENCE_READ,SYS_CONFLUENCE_WRITE,SYS_JIRA_READ,SYS_SAP_S4_READ,SYS_SIGNAVIO_READ,SYS_TIMESHEET_WRITE;Internal;2025-11-30T09:10:25Z;francesco.romano@bip.internal;Micol Marani
Francesco Gallo;francesco.gallo;Data & AI;Data Consultant;BIP_DATA_CORE,INF_MAIL_READ,INF_VPN_READ,SYS_CONFLUENCE_READ,SYS_DATABRICKS_READ,SYS_JIRA_READ,SYS_POWERBI_WRITE,SYS_SNOWFLAKE_READ,SYS_TIMESHEET_WRITE;Internal;2025-10-11T19:24:25Z;francesco.gallo@bip.internal;Salvatore Apicella
Francesco Costa;francesco.costa;Cybersecurity;Cybersecurity Consultant;BIP_CYBER_CORE,INF_MAIL_READ,INF_VPN_READ,SYS_CONFLUENCE_READ,SYS_IAM_AUDIT,SYS_JIRA_READ,SYS_SIEM_READ,SYS_TIMESHEET_WRITE,SYS_VULN_MGMT_READ;Internal;2025-09-24T16:32:25Z;francesco.costa@bip.internal;Stefano Maffei
Francesco Fontana;francesco.fontana;Cloud & DevOps;Cloud Consultant;BIP_CLOUD_CORE,INF_MAIL_READ,INF_VPN_READ,SYS_AWS_READ,SYS_AZURE_READ,SYS_CONFLUENCE_READ,SYS_GITHUB_READ,SYS_JIRA_READ,SYS_TIMESHEET_WRITE;Internal;2026-02-07T00:21:25Z;francesco.fontana@bip.internal;Gianluca Leone
Francesco Rinaldi;francesco.rinaldi;PMO & Governance;PMO Consultant;BIP_PMO_CORE,INF_MAIL_READ,INF_VPN_READ,SYS_CONFLUENCE_READ,SYS_JIRA_ADMIN,SYS_JIRA_READ,SYS_MSPROJECT_READ,SYS_SHAREPOINT_WRITE,SYS_TIMESHEET_WRITE;Internal;2026-02-18T05:49:25Z;francesco.rinaldi@bip.internal;Micol Marani
Francesco Greco;francesco.greco;Finance Advisory;Finance Consultant;BIP_FINANCE_CORE,INF_MAIL_READ,INF_VPN_READ,SYS_CONFLUENCE_READ,SYS_ERP_FIN_READ,SYS_JIRA_READ,SYS_POWERBI_READ,SYS_TIMESHEET_WRITE;Internal;2025-10-04T01:02:25Z;francesco.greco@bip.internal;Salvatore Apicella
Francesco Conti;francesco.conti;HR & Change;HR Change Consultant;BIP_HR_CORE,INF_MAIL_READ,INF_VPN_READ,SYS_CONFLUENCE_READ,SYS_CONFLUENCE_WRITE,SYS_JIRA_READ,SYS_LMS_READ,SYS_TIMESHEET_WRITE,SYS_WORKDAY_READ;Internal;2025-08-31T16:25:25Z;francesco.conti@bip.internal;Stefano Maffei
Francesco Lombardi;francesco.lombardi;Application Modernization;App Modernization Consultant;BIP_APPMOD_CORE,INF_MAIL_READ,INF_VPN_READ,SYS_AZURE_DEVOPS_WRITE,SYS_CLIENT_PORTAL_WRITE,SYS_CONFLUENCE_READ,SYS_GITHUB_WRITE,SYS_JIRA_READ,SYS_TIMESHEET_WRITE;External;2025-10-31T20:06:25Z;francesco.lombardi@bip.internal;Gianluca Leone
Francesco Barbieri;francesco.barbieri;Risk & Compliance;Risk Consultant;BIP_RISK_CORE,INF_MAIL_READ,INF_VPN_READ,SYS_AUDIT_PORTAL_READ,SYS_CONFLUENCE_READ,SYS_GRC_READ,SYS_JIRA_READ,SYS_POLICY_MGMT_READ,SYS_TIMESHEET_WRITE;Internal;2025-11-26T03:28:25Z;francesco.barbieri@bip.internal;Micol Marani
